Timestamp,Lo primero: donde cursas la MAYORIA de tus clases?,¿En que horario cursas esa mayoría?,¿Qué medio de transporte  usás para llegar a la sede la mayoría de las veces?,Caminando...,En bici...,En moto...,En bondi...,¿Qué líneas tomás?,En tren...,¿Que líneas de tren tomás?,En auto...,"En remis, Uber, etc...",En combi...,¿Qué otro medio de transporte  usás para llegar a las sedes?,Caminando...,En bici...,En moto...,En bondi...,¿Qué líneas tomás?,En tren...,¿Que líneas de tren tomás?,En auto...,"En remis, Uber, etc...",En combi...,"Para finalizar, moverte hacia/desde la Universidad, te hizo considerar alguna de las siguientes opciones?"
25/05/2026 18:43:21,Sede Pellegrini,Turno Mañana,Voy en colectivo,,,,".. me lleva mucho tiempo, ... me lleva mucho presupuesto, ... no me reconocen el boleto universitario municipal",429 y 503,,,,,,No uso otro medio de transporte,,,,,,,,,,,Tengo que mudarme más cerca de las sedes
25/05/2026 21:34:42,Sede Parque Industrial,Mixto: Tengo clases en varios turnos miti miti,Voy en colectivo,,,,... me lleva mucho presupuesto,"276 para llegar a pilar y para el parque 510 ramal 1, 350 o 511 ahí no tengo problema por el descuento ",,,,,,Voy en colectivo,,,,... me lleva mucho presupuesto,,,,,,,"Tengo que conseguir trabajo, es muy caro viajar, Necesito salir antes de casa"
25/05/2026 21:50:49,Sede Pellegrini,Turno Tarde,Voy en colectivo,,,,.. me lleva mucho tiempo,501-520,,,,,,Voy en bici,,... el tránsito por zonas es peligroso  (riesgo de accidentes),,,,,,,,,Necesito salir antes de casa
25/05/2026 23:07:28,Sede Pellegrini,Turno Tarde,Voy en auto (propio o me llevan/traen),,,,,,,,... me lleva mucho presupuesto,,,Voy en colectivo,,,,"... no me reconocen el boleto universitario municipal, ... no respetan horarios",511,,,,,,"Voy a pedir prestado para poder seguir viniendo este mes, Necesito salir antes de casa"
26/05/2026 00:33:17,Sede Pellegrini,Turno Tarde,Voy en colectivo,,,,"... no respetan horarios, ... no tienen carteles claros",501/503 - 520 - 276,,,,,,Voy en auto de un servicio pago remis/taxi/Uber/Didi,,,,,,,,,... me lleva mucho presupuesto,,Tengo que evitar -tal zona- en -tal horario-
26/05/2026 04:10:01,Sede Parque Industrial,Turno Noche,Voy en auto (propio o me llevan/traen),,,,,,,,"... el tránsito por zonas es peligroso (riesgo de accidentes), ... me lleva mucho presupuesto",,,Voy en colectivo,,,,"... me lleva mucho tiempo, ... me lleva mucho presupuesto, ... no me reconocen el boleto universitario municipal, ... tuve experiencias de episodios de violencia/acoso hacia mi persona, ... no tienen carteles claros",510 / 520 / 501 / 276,,,,,,"Tengo que conseguir trabajo, es muy caro viajar, Necesito salir antes de casa, No voy a poder seguir cursando"
26/05/2026 14:29:20,Sede Pellegrini,Turno Tarde,Voy en colectivo,,,,"... el trayecto hasta la sede se me hace lejano, ... el tránsito por zonas es peligroso  (riesgo de accidentes), ... la zona donde transito es peligrosa (robos, etc), ... me lleva mucho tiempo, ... me lleva mucho presupuesto, ... no me reconocen el boleto universitario municipal","510, 520, 276",,,,,,Voy en auto de un servicio pago remis/taxi/Uber/Didi,,,,,,,,,... me lleva mucho presupuesto,,"Necesito salir antes de casa, Tengo que evitar -tal zona- en -tal horario-"
26/05/2026 08:03:51,Sede Pellegrini,Turno Mañana,Voy caminando,... el trayecto hasta la sede se me hace lejano,,,,,,,,,,Voy en colectivo,,,,... me lleva mucho presupuesto,276 501,,,,,,"Tengo que conseguir trabajo, es muy caro viajar"
26/05/2026 08:03:55,Sede Pellegrini,Turno Tarde,Voy en colectivo,,,,"... el trayecto hasta la sede se me hace lejano, ... me lleva mucho tiempo, ... me lleva mucho presupuesto",203 350 ,,,,,,Voy en colectivo,,,,"... el trayecto hasta la sede se me hace lejano, ... me lleva mucho tiempo, ... me lleva mucho presupuesto",,,,,,,"Tengo que conseguir trabajo, es muy caro viajar"
26/05/2026 08:05:20,Sede Pellegrini,Turno Mañana,Voy en auto (propio o me llevan/traen),,,,,,,,,,,Voy en colectivo,,,,... no me reconocen el boleto universitario municipal,510,,,,,,Necesito salir antes de casa
26/05/2026 08:05:21,Sede Pellegrini,Turno Tarde,Voy en auto de un servicio pago remis/taxi/Uber/Didi,,,,,,,,,Salgo de trabajar 15.30 necesito ir a la Uni en uber  para lograr llegar a la segunda materia,,Voy en colectivo,,,,... no tienen carteles claros,501 y 291 vivo en la lonja tengo que hacer combinacion,,,,,,
26/05/2026 08:34:33,Sede Pellegrini,Turno Mañana,Voy en colectivo,,,,"... el trayecto hasta la sede se me hace lejano, ... el tránsito por zonas es peligroso  (riesgo de accidentes), ... me lleva mucho tiempo, ... me lleva mucho presupuesto, ... no me reconocen el boleto universitario municipal","313 , 276",,,,,,No uso otro medio de transporte,,,,,,,,,,,"Tengo que conseguir trabajo, es muy caro viajar, Tengo que mudarme más cerca de las sedes, Necesito salir antes de casa"
26/05/2026 08:05:42,Sede Pellegrini,Turno Noche,Voy en colectivo,,,,,Cualquiera que vaya. Los miércoles voy en el colectivo que va directo a Sede de Parque Industrial.,,,,,,Voy en auto (propio o me llevan/traen),,,,,,,,"... el tránsito por zonas es peligroso (riesgo de accidentes), ... me lleva mucho presupuesto",,,Necesito salir antes de casa
26/05/2026 15:44:40,Sede Pellegrini,Turno Tarde,Voy en colectivo,,,,"... el trayecto hasta la sede se me hace lejano, ... el tránsito por zonas es peligroso  (riesgo de accidentes), ... me lleva mucho tiempo, ... me lleva mucho presupuesto, ... no me reconocen el boleto universitario municipal","503 a Fonavi/Escobar, 203 a Pilar x peaje y 57 rojo a Pilar ",,,,,,Voy en auto (propio o me llevan/traen),,,,,,,,"... el trayecto hasta la sede se me hace lejano, ... el tránsito por zonas es peligroso (riesgo de accidentes), .. me lleva mucho tiempo, ... me lleva mucho presupuesto",,,"Tengo que conseguir trabajo, es muy caro viajar, Necesito salir antes de casa"
26/05/2026 08:06:31,Sede Pellegrini,Turno Tarde,Voy en colectivo,,,,... no respetan horarios,520,,,,,,Voy en tren,,,,,,"... la zona donde transito es peligrosa (robos, etc)",el san martin ,,,,"Tengo que conseguir trabajo, es muy caro viajar"
26/05/2026 08:09:17,Sede Pellegrini,Turno Noche,Voy en colectivo,,,,"... la zona donde transito es peligrosa (robos, etc)",501,,,,,,No uso otro medio de transporte,,,,,,,,,,,"Necesito salir antes de casa, Tengo que evitar -tal zona- en -tal horario-"
26/05/2026 15:23:10,Sede Pellegrini,Turno Tarde,Voy en colectivo,,,,"... el trayecto hasta la sede se me hace lejano, ... la zona donde transito es peligrosa (robos, etc), ... me lleva mucho presupuesto, ... no me reconocen el boleto universitario municipal",276,,,,,,Voy en tren,,,,,,"... el trayecto hasta la sede se me hace lejano, ... me lleva mucho tiempo",San Martín ,,,,"Tengo que conseguir trabajo, es muy caro viajar, Voy a pedir prestado para poder seguir viniendo este mes, Necesito salir antes de casa, Tengo que evitar -tal zona- en -tal horario-"
26/05/2026 08:11:23,Sede Pellegrini,Mixto: Tengo clases en varios turnos miti miti,Voy en colectivo,,,,"... el trayecto hasta la sede se me hace lejano, ... no respetan horarios",520,,,,,,No uso otro medio de transporte,,,,,,,,,,,Tengo que comentarlo con mi coordinador/profes
26/05/2026 08:14:00,Sede Pellegrini,Turno Noche,Voy en colectivo,,,,... no respetan horarios,"Tomó tres colectivos , 501 , 350 y 501/503",,,,,,No uso otro medio de transporte,,,,,,,,,,,Necesito salir antes de casa
26/05/2026 08:21:32,Sede Pellegrini,Turno Noche,Voy en colectivo,,,,"... el trayecto hasta la sede se me hace lejano, ... me lleva mucho presupuesto, ... no me reconocen el boleto universitario municipal","511,501/503, 520, 350, 510, 429, 276",,,,,,No uso otro medio de transporte,,,,,,,,,,,"Necesito salir antes de casa, Se vuelve muy caro viajar hasta la uni, tomo 4 coles para asistir"
26/05/2026 09:24:48,Sede Pellegrini,Turno Mañana,Voy en colectivo,,,,"... el trayecto hasta la sede se me hace lejano, ... me lleva mucho presupuesto, ... no me reconocen el boleto universitario municipal","203, 501/503,510,57",,,,,,Voy en auto de un servicio pago remis/taxi/Uber/Didi,,,,,,,,,... me lleva mucho presupuesto,,"Tengo que conseguir trabajo, es muy caro viajar, Voy a pedir prestado para poder seguir viniendo este mes, Necesito salir antes de casa, No voy a poder seguir cursando"
26/05/2026 10:38:48,Sede Pellegrini,Turno Mañana,Voy en colectivo,,,,"... el trayecto hasta la sede se me hace lejano, ... me lleva mucho presupuesto, ... no me reconocen el boleto universitario municipal",520,,,,,,Voy en tren,,,,,,... el trayecto hasta la sede se me hace lejano,Linea San Martin ,,,,"Tengo que conseguir trabajo, es muy caro viajar"
26/05/2026 14:23:40,Sede Pellegrini,Turno Tarde,Voy en colectivo,,,,"... el trayecto hasta la sede se me hace lejano, ... me lleva mucho presupuesto, ... no me reconocen el boleto universitario municipal","276, y en Rodriguez para ir hasta Lujan a veces me tomo el 365, 47",,,,,,Voy en colectivo,,,,"... el trayecto hasta la sede se me hace lejano, ... me lleva mucho presupuesto, ... no me reconocen el boleto universitario municipal, ... no respetan horarios","276, cuando llega el de Lujan directo me tomo el que dice rodriguez y luego ahi me tomo el 365, 47",,,,,,"Necesito salir antes de casa, Solo cuento con dos francos en la semana en mi trabajo, por lo cual no me los pueden dar fijos para ppder cursar y los tengo que cambiar con mis compañeras, a veces se puede y otras no. Estaria bueno que hayan mas horarios para poder cursar"
26/05/2026 08:27:15,Sede Pellegrini,Turno Noche,Voy en colectivo,,,,... no respetan horarios,501,,,,,,No uso otro medio de transporte,,,,,,,,,,,
26/05/2026 08:28:37,Sede Pellegrini,Turno Tarde,Voy en colectivo,,,,... me lleva mucho presupuesto,276,,,,,,Voy en colectivo,,,,... me lleva mucho presupuesto,276,,,,,,Voy a pedir prestado para poder seguir viniendo este mes
26/05/2026 08:31:14,Sede Pellegrini,Mixto: Tengo clases en varios turnos miti miti,Voy moto,,,"... el trayecto hasta la sede se me hace lejano, ... el tránsito por zonas es peligroso  (riesgo de accidentes)",,,,,,,,Voy en auto de un servicio pago remis/taxi/Uber/Didi,,,,,,,,,"... el tránsito por zonas es peligroso (riesgo de accidentes), ... me lleva mucho presupuesto",,"Tengo que conseguir trabajo, es muy caro viajar"
26/05/2026 14:26:15,Sede Pellegrini,Turno Tarde,Voy en colectivo,,,,"... el trayecto hasta la sede se me hace lejano, ... me lleva mucho presupuesto, ... no me reconocen el boleto universitario municipal","365, 520, 520 Zelaya x este 276 ",,,,,,Voy en tren,,,,,,,San Martín ,,,,"Tengo que conseguir trabajo, es muy caro viajar, Necesito salir antes de casa"
26/05/2026 08:35:36,Sede Pellegrini,Turno Mañana,Voy en colectivo,,,,No tengo ningún problema o reclamo en los viajes de colectivo,510 y 520,,,,,,Voy en auto (propio o me llevan/traen),,,,,,,,No tengo ningún problema o reclamo en los viajes que realizo en auto,,,Necesito salir antes de casa
26/05/2026 08:43:41,Sede Parque Industrial,Turno Tarde,Voy en auto de un servicio pago remis/taxi/Uber/Didi,,,,,,,,,... me lleva mucho presupuesto,,Voy en auto de un servicio pago remis/taxi/Uber/Didi,,,,,,,,,... me lleva mucho presupuesto,,Tengo que comentarlo con mi coordinador/profes
27/05/2026 13:44:38,Sede Pellegrini,Turno Mañana,Voy en colectivo,,,,"... el trayecto hasta la sede se me hace lejano, ... me lleva mucho presupuesto, ... no me reconocen el boleto universitario municipal",276,,,,,,Voy en colectivo,,,,"... el trayecto hasta la sede se me hace lejano, ... me lleva mucho presupuesto, ... no me reconocen el boleto universitario municipal",276,,,,,,"Tengo que conseguir trabajo, es muy caro viajar, Tengo que mudarme más cerca de las sedes, Necesito salir antes de casa"
26/05/2026 09:44:54,Sede Pellegrini,Turno Mañana,Voy en colectivo,,,,"... el trayecto hasta la sede se me hace lejano, ... me lleva mucho presupuesto, ... no me reconocen el boleto universitario municipal, ... no respetan horarios",276,,,,,,No uso otro medio de transporte,,,,,,,,,,,"Tengo que conseguir trabajo, es muy caro viajar, Necesito salir antes de casa"
26/05/2026 19:35:33,Sede Parque Industrial,Turno Mañana,Voy en colectivo,,,,"... el trayecto hasta la sede se me hace lejano, ... me lleva mucho tiempo, ... me lleva mucho presupuesto, ... no me reconocen el boleto universitario municipal","350, 276 y 501",,,,,,Voy en tren,,,,,,"... la zona donde transito es peligrosa (robos, etc)",san martin,,,,"Necesito salir antes de casa, Tengo que evitar -tal zona- en -tal horario-"
26/05/2026 09:14:58,Sede Pellegrini,Turno Mañana,Voy en colectivo,,,,"... me lleva mucho tiempo, ... me lleva mucho presupuesto","291, 501/503 y 276",,,,,,Voy en auto de un servicio pago remis/taxi/Uber/Didi,,,,,,,,,... me lleva mucho presupuesto,,"Tengo que conseguir trabajo, es muy caro viajar"
26/05/2026 09:18:43,Sede Pellegrini,Turno Noche,Voy en auto (propio o me llevan/traen),,,,,,,,,,,Voy en auto (propio o me llevan/traen),,,,,,,,,,,"Necesito salir antes de casa, Tengo que evitar -tal zona- en -tal horario-"
26/05/2026 09:22:38,Sede Pellegrini,Turno Noche,Voy en auto (propio o me llevan/traen),,,,,,,,... me lleva mucho presupuesto,,,Voy en colectivo,,,,"... me lleva mucho presupuesto, ... tuve experiencias de episodios de violencia/acoso hacia mi persona, ... no respetan horarios, ... no respetan paradas/recorridos",,,,,,,"Tengo que comentarlo con mi coordinador/profes, No voy a poder seguir cursando"
26/05/2026 08:17:53,Sede Pellegrini,Turno Tarde,Voy en colectivo,,,,"... el trayecto hasta la sede se me hace lejano, ... me lleva mucho tiempo, ... me lleva mucho presupuesto, ... no me reconocen el boleto universitario municipal, ... no respetan horarios",194 y 276,,,,,,No uso otro medio de transporte,,,,,,,,,,,"Tengo que conseguir trabajo, es muy caro viajar, Necesito salir antes de casa"
26/05/2026 09:29:41,Sede Pellegrini,Turno Noche,Voy en colectivo,,,,... no respetan horarios,510 ramal 5,,,,,,Voy en tren,,,,,,... me lleva mucho presupuesto,Belgrano norte ,,,,"Tengo que conseguir trabajo, es muy caro viajar, Necesito salir antes de casa"
26/05/2026 13:42:05,Sede Pellegrini,Mixto: Tengo clases en varios turnos miti miti,Voy en colectivo,,,,"... el trayecto hasta la sede se me hace lejano, ... me lleva mucho tiempo, ... me lleva mucho presupuesto, ... no me reconocen el boleto universitario municipal, ... no respetan horarios",276,,,,,,No uso otro medio de transporte,,,,,,,,,,,"Tengo que mudarme más cerca de las sedes, Necesito salir antes de casa, Tengo que comentarlo con mi coordinador/profes, No voy a poder seguir cursando"
26/05/2026 09:40:22,Sede Pellegrini,Turno Tarde,Voy en auto (propio o me llevan/traen),,,,,,,,No tengo ningun problema hasta este momento,,,Voy caminando,ninguno,,,,,,,,,,
26/05/2026 09:42:22,Sede Pellegrini,Turno Mañana,Voy en colectivo,,,,"... el trayecto hasta la sede se me hace lejano, ... el tránsito por zonas es peligroso  (riesgo de accidentes), ... me lleva mucho tiempo, ... me lleva mucho presupuesto, ... no respetan horarios, ... no tienen carteles claros, Yo no uso el boleto universitario municipal por que vivo en lujan y uso el 276 ",276,,,,,,No uso otro medio de transporte,,,,,,,,,,,"Tengo que conseguir trabajo, es muy caro viajar, Necesito salir antes de casa, Tengo que evitar -tal zona- en -tal horario-"
26/05/2026 08:18:01,Sede Pellegrini,Turno Mañana,Voy en colectivo,,,,"... el trayecto hasta la sede se me hace lejano, ... me lleva mucho tiempo, ... no me reconocen el boleto universitario municipal",,,,,,,No uso otro medio de transporte,,,,,,,,,,,Necesito salir antes de casa
26/05/2026 10:51:55,Sede Pellegrini,Turno Tarde,Voy en colectivo,,,,"... el trayecto hasta la sede se me hace lejano, ... no me reconocen el boleto universitario municipal",510 y 501/503,,,,,,Voy en auto (propio o me llevan/traen),,,,,,,,... me lleva mucho presupuesto,,,Necesito salir antes de casa
26/05/2026 15:23:52,Sede Pellegrini,Turno Mañana,Voy en colectivo,,,,"... el trayecto hasta la sede se me hace lejano, ... no me reconocen el boleto universitario municipal, ... no respetan horarios, ... no tienen carteles claros, ... no respetan paradas/recorridos",510,,,,,,Voy en auto de un servicio pago remis/taxi/Uber/Didi,,,,,,,,,... me lleva mucho presupuesto,,"Tengo que conseguir trabajo, es muy caro viajar, Tengo que evitar -tal zona- en -tal horario-"
26/05/2026 09:48:58,Sede Pellegrini,Turno Noche,Voy en colectivo,,,,... no respetan horarios,510,,,,,,Voy en colectivo,,,,... no respetan horarios,510,,,,,,Necesito salir antes de casa
26/05/2026 08:06:15,Sede Pellegrini,Turno Mañana,Voy en colectivo,,,,"... me lleva mucho presupuesto, ... no me reconocen el boleto universitario municipal",350,,,,,,No uso otro medio de transporte,,,,,,,,,,,"Tengo que conseguir trabajo, es muy caro viajar, Voy a pedir prestado para poder seguir viniendo este mes"
26/05/2026 09:51:58,Sede Pellegrini,Turno Noche,Voy en colectivo,,,,"... el trayecto hasta la sede se me hace lejano, ... me lleva mucho tiempo, ... no respetan horarios, ... no respetan paradas/recorridos",276,,,,,,Voy en colectivo,,,,"... el trayecto hasta la sede se me hace lejano, ... me lleva mucho tiempo, ... me lleva mucho presupuesto, ... no respetan horarios",276,,,,,,"Voy a pedir prestado para poder seguir viniendo este mes, Necesito salir antes de casa"
26/05/2026 09:55:04,Sede Pellegrini,Turno Mañana,Voy en auto de un servicio pago remis/taxi/Uber/Didi,,,,,,,,,"... me lleva mucho presupuesto, No hay medios de transporte públicos que conecten mí zona ( la lonja) con la zona de la universidad.",,Voy en bici,,,,,,,,,,,"Tengo que mudarme más cerca de las sedes, Necesito salir antes de casa"
26/05/2026 09:01:37,Sede Pellegrini,Mixto: Tengo clases en varios turnos miti miti,Voy en colectivo,,,,"... me lleva mucho presupuesto, ... no me reconocen el boleto universitario municipal","Cualquier linea que pase por ahí, la más rápida siempre es 501 o 276",,,,,,Voy en auto de un servicio pago remis/taxi/Uber/Didi,,,,,,,,,... me lleva mucho presupuesto,,"Tengo que conseguir trabajo, es muy caro viajar, Necesito salir antes de casa, Tengo que evitar -tal zona- en -tal horario-"
26/05/2026 10:16:37,Sede Pellegrini,Turno Tarde,Voy en colectivo,,,,... tuve experiencias de episodios de violencia/acoso hacia mi persona,502/501,,,,,,Voy en tren,,,,,,... me lleva mucho presupuesto,Tren belgrano norte,,,,Voy a pedir prestado para poder seguir viniendo este mes
26/05/2026 10:21:23,Sede Pellegrini,Turno Mañana,Voy caminando,... me lleva mucho tiempo,,,,,,,,,,Voy en colectivo,,,,... me lleva mucho presupuesto,291 o 203,,,,,,"Tengo que conseguir trabajo, es muy caro viajar"
26/05/2026 09:13:36,Sede Pellegrini,Turno Tarde,Voy en colectivo,,,,"... me lleva mucho presupuesto, ... no me reconocen el boleto universitario municipal","276,513,60,194",,,,,,No uso otro medio de transporte,,,,,,,,,,,"Tengo que conseguir trabajo, es muy caro viajar"
26/05/2026 10:22:30,Sede Pellegrini,Turno Mañana,Voy en colectivo,,,,"... me lleva mucho presupuesto, ... no respetan horarios, ... no tienen carteles claros, ... no respetan paradas/recorridos","510,520 y 276",,,,,,Voy en colectivo,,,,"... no respetan horarios, ... no tienen carteles claros","510,520, y 276",,,,,,"Tengo que conseguir trabajo, es muy caro viajar, Voy a pedir prestado para poder seguir viniendo este mes, Necesito salir antes de casa"
26/05/2026 09:51:21,Sede Pellegrini,Turno Noche,Voy en colectivo,,,,"... me lleva mucho presupuesto, ... no me reconocen el boleto universitario municipal","203,276",,,,,,Voy en auto (propio o me llevan/traen),,,,,,,,... me lleva mucho presupuesto,,,"Tengo que conseguir trabajo, es muy caro viajar"
26/05/2026 10:23:15,Sede Pellegrini,Turno Tarde,Voy en bici,,"Me lleva bastante tiempo pero si tengo que ir en colectivo tardo más ya que de Derqui no hay un recorrido que pase por la sede, salvo el especial que sale bastante temprano ",,,,,,,,,Voy en auto (propio o me llevan/traen),,,,,,,,... me lleva mucho presupuesto,,,Necesito salir antes de casa
26/05/2026 10:25:18,Sede Pellegrini,Turno Mañana,Voy en colectivo,,,,... me lleva mucho presupuesto,291 o 203 o 176 y otro desde la terminal 501 o 276,,,,,,Voy en auto de un servicio pago remis/taxi/Uber/Didi,,,,,,,,,... me lleva mucho presupuesto,,Necesito salir antes de casa
26/05/2026 12:24:53,Sede Pellegrini,Turno Mañana,Voy en colectivo,,,,"... me lleva mucho presupuesto, ... no me reconocen el boleto universitario municipal","276, 520, 503",,,,,,Voy en tren,,,,,,"... la zona donde transito es peligrosa (robos, etc)",San Martín ,,,,"Tengo que conseguir trabajo, es muy caro viajar, Tengo que mudarme más cerca de las sedes, Necesito salir antes de casa"
26/05/2026 10:28:09,Sede Pellegrini,Turno Mañana,Voy en colectivo,,,,... me lleva mucho presupuesto,"741(jcp), 276 ",,,,,,Voy en auto (propio o me llevan/traen),,,,,,,,.. me lleva mucho tiempo,,,Necesito salir antes de casa
26/05/2026 10:29:38,Sede Pellegrini,Turno Mañana,Voy en colectivo,,,,"... el trayecto hasta la sede se me hace lejano, ... me lleva mucho tiempo, ... no respetan horarios, ... no tienen carteles claros, ... no respetan paradas/recorridos",520 de Derqui a la Uni ,,,,,,Voy en tren,,,,,,"... la zona donde transito es peligrosa (robos, etc)",De Derqui a Pilar ,,,,"Tengo que conseguir trabajo, es muy caro viajar, Voy a pedir prestado para poder seguir viniendo este mes, Tengo que comentarlo con mi coordinador/profes"
26/05/2026 14:20:18,Sede Pellegrini,Turno Tarde,Voy en colectivo,,,,"... me lleva mucho presupuesto, ... no me reconocen el boleto universitario municipal",203,,,,,,Voy en auto de un servicio pago remis/taxi/Uber/Didi,,,,,,,,,"... me lleva mucho presupuesto, ... tuve experiencias de episodios de violencia/acoso hacia mi persona",,"Tengo que conseguir trabajo, es muy caro viajar, Voy a pedir prestado para poder seguir viniendo este mes, Necesito salir antes de casa"
26/05/2026 15:23:40,Sede Pellegrini,Turno Mañana,Voy en colectivo,,,,"... me lleva mucho presupuesto, ... no me reconocen el boleto universitario municipal",,,,,,,Voy en tren,,,,,,,,,,,"Tengo que conseguir trabajo, es muy caro viajar"
26/05/2026 10:34:56,Sede Pellegrini,Turno Mañana,Voy moto,,,... el tránsito por zonas es peligroso  (riesgo de accidentes),,,,,,,,Voy en colectivo,,,,"... el trayecto hasta la sede se me hace lejano, ... me lleva mucho tiempo, ... no me reconocen el boleto universitario municipal",276,,,,,,"Necesito salir antes de casa, No voy a poder seguir cursando"
26/05/2026 19:21:27,Sede Pellegrini,Turno Mañana,Voy en colectivo,,,,"... me lleva mucho presupuesto, ... no me reconocen el boleto universitario municipal",276 (siendo el unico que me alcanza a pilar) y 501 ,,,,,,Voy en auto (propio o me llevan/traen),,,,,,,,,,,"Tengo que conseguir trabajo, es muy caro viajar, Voy a pedir prestado para poder seguir viniendo este mes, Necesito salir antes de casa"
26/05/2026 09:40:09,Sede Pellegrini,Turno Noche,Voy en colectivo,,,,"... me lleva mucho presupuesto, ... no me reconocen el boleto universitario municipal, ... no respetan horarios",276,,,,,,Voy en auto (propio o me llevan/traen),,,,,,,,... me lleva mucho presupuesto,,,"Tengo que conseguir trabajo, es muy caro viajar"
26/05/2026 10:26:41,Sede Pellegrini,Turno Tarde,Voy en colectivo,,,,"... me lleva mucho presupuesto, ... no me reconocen el boleto universitario municipal, ... no respetan paradas/recorridos",511- 501/503,,,,,,Voy en auto de un servicio pago remis/taxi/Uber/Didi,,,,,,,,,"... la zona donde transito es peligrosa (robos, etc), ... me lleva mucho presupuesto",,"Tengo que mudarme más cerca de las sedes, Voy a pedir prestado para poder seguir viniendo este mes, Necesito salir antes de casa"
26/05/2026 12:20:09,Sede Pellegrini,Turno Mañana,Voy en colectivo,,,,"... me lleva mucho presupuesto, ... no me reconocen el boleto universitario municipal, ... no respetan paradas/recorridos",2 líneas para llegar. 510 cartel 5 y 501-520 para llegar al Pellegrini. ,,,,,,No uso otro medio de transporte,,,,,,,,,,,"Tengo que conseguir trabajo, es muy caro viajar, Voy a pedir prestado para poder seguir viniendo este mes, Necesito salir antes de casa"
26/05/2026 10:42:20,Sede Pellegrini,Turno Mañana,Voy en colectivo,,,,"... el trayecto hasta la sede se me hace lejano, ... la zona donde transito es peligrosa (robos, etc), ... no respetan horarios, ... no respetan paradas/recorridos",276,,,,,,No uso otro medio de transporte,,,,,,,,,,,"Tengo que conseguir trabajo, es muy caro viajar, Necesito salir antes de casa"
26/05/2026 10:46:57,Sede Pellegrini,Turno Noche,Voy en auto de un servicio pago remis/taxi/Uber/Didi,,,,,,,,,"... el trayecto hasta la sede se me hace lejano, ... me lleva mucho presupuesto",,Voy en auto de un servicio pago remis/taxi/Uber/Didi,,,,,,,,,"... el trayecto hasta la sede se me hace lejano, ... me lleva mucho presupuesto",,"Tengo que conseguir trabajo, es muy caro viajar"
26/05/2026 10:47:12,Sede Pellegrini,Turno Noche,Voy en colectivo,,,,... me lleva mucho presupuesto,"Puedo tomar 291,176,203 hasta la terminal y de la terminal tomó el 501 con el pase de la uni",,,,,,Voy en colectivo,,,,... me lleva mucho presupuesto,"Puedo viajar en el 291,176,203 hasta la terminal y de la terminal tomo el 501 con el pase de la uni",,,,,,Necesito salir antes de casa
26/05/2026 10:48:18,Sede Pellegrini,Turno Noche,Voy en colectivo,,,,... no respetan horarios,501,,,,,,No uso otro medio de transporte,,,,,,,,,,,Necesito salir antes de casa
26/05/2026 10:49:21,Sede Pellegrini,Turno Noche,Voy en colectivo,,,,... no respetan horarios,276 503 501,,,,,,Voy caminando,... el trayecto hasta la sede se me hace lejano,,,,,,,,,,Necesito salir antes de casa
26/05/2026 10:51:30,Sede Pellegrini,Turno Tarde,Voy en colectivo,,,,,510 Ramal 4,,,,,,Voy caminando,,,,,,,,,,,
26/05/2026 08:05:30,Sede Pellegrini,Turno Tarde,Voy en colectivo,,,,"... me lleva mucho presupuesto, ... no me reconocen el boleto universitario municipal, ... no tienen carteles claros",520 501 ,,,,,,Voy en bici,,... el trayecto hasta la sede se me hace lejano,,,,,,,,,Necesito salir antes de casa
26/05/2026 14:39:56,Sede Pellegrini,Turno Mañana,Voy en colectivo,,,,"... me lleva mucho tiempo, ... me lleva mucho presupuesto, ... no me reconocen el boleto universitario municipal, ... no respetan horarios",276-350-510-520 y 503 (local en lujan),,,,,,Voy en colectivo,,,,"... el trayecto hasta la sede se me hace lejano, ... me lleva mucho tiempo, ... me lleva mucho presupuesto, ... no respetan paradas/recorridos",,,,,,,"Tengo que conseguir trabajo, es muy caro viajar, Tengo que mudarme más cerca de las sedes, Voy a pedir prestado para poder seguir viniendo este mes, Necesito salir antes de casa"
26/05/2026 11:13:55,Sede Pellegrini,Turno Mañana,Voy caminando,... el tránsito por zonas es peligroso (riesgo de accidentes),,,,,,,,,,No uso otro medio de transporte,,,,,,,,,,,Tengo que evitar -tal zona- en -tal horario-
26/05/2026 11:14:03,Sede Pellegrini,Turno Tarde,Voy en colectivo,,,,"... no respetan horarios, ... no tienen carteles claros",510 - 520 - 501/503 - 203 - 276 - 57,,,,,,Voy en auto de un servicio pago remis/taxi/Uber/Didi,,,,,,,,,,,"Necesito salir antes de casa, Tengo que evitar -tal zona- en -tal horario-"
26/05/2026 11:16:53,Sede Pellegrini,Turno Mañana,Voy en bici,,"... el trayecto hasta la sede se me hace lejano, ... el tránsito por zonas es peligroso  (riesgo de accidentes)",,,,,,,,,Voy en colectivo,,,,"... me lleva mucho tiempo, ... no respetan horarios, ... no tienen carteles claros, ... no respetan paradas/recorridos",520 de derqui a pellegrini,,,,,,siempre llego tardo porque el colectivo pasa de las 8 en adelante y entramos 8:30 y nunca llegamos a tiempo
26/05/2026 11:38:35,Sede Pellegrini,Turno Noche,Voy en auto (propio o me llevan/traen),,,,,,,,,,,Voy en auto (propio o me llevan/traen),,,,,,,,,,,
26/05/2026 11:48:09,Sede Pellegrini,Turno Tarde,Voy en colectivo,,,,... me lleva mucho presupuesto,276,,,,,,No uso otro medio de transporte,,,,,,,,,,,Necesito salir antes de casa
26/05/2026 11:50:11,Sede Pellegrini,Turno Noche,Voy en colectivo,,,,"... el trayecto hasta la sede se me hace lejano, ... me lleva mucho tiempo, ... me lleva mucho presupuesto","276, 520",,,,,,Voy en auto de un servicio pago remis/taxi/Uber/Didi,,,,,,,,,"... el trayecto hasta la sede se me hace lejano, .. me lleva mucho tiempo, ... me lleva mucho presupuesto",,tengo que conseguir un medio de transporte propio
26/05/2026 11:51:19,Sede Pellegrini,Turno Tarde,Voy en colectivo,,,,"... el trayecto hasta la sede se me hace lejano, ... me lleva mucho presupuesto",506 520,,,,,,Voy en tren,,,,,,"... la zona donde transito es peligrosa (robos, etc), ... me lleva mucho presupuesto",San Martin,,,,"Tengo que conseguir trabajo, es muy caro viajar"
26/05/2026 11:51:46,Sede Pellegrini,Turno Noche,Voy en colectivo,,,,,501,,,,,,No uso otro medio de transporte,,,,,,,,,,,
26/05/2026 09:55:58,Sede Pellegrini,Turno Noche,Voy en colectivo,,,,"... me lleva mucho tiempo, ... no me reconocen el boleto universitario municipal, ... no respetan horarios","501/503, 276, 520, el que aparezca primero para ir a la universidad",,,,,,No uso otro medio de transporte,,,,,,,,,,,Necesito salir antes de casa
26/05/2026 12:20:48,Sede Pellegrini,Turno Noche,Voy en auto (propio o me llevan/traen),,,,,,,,"... el tránsito por zonas es peligroso (riesgo de accidentes), ... me lleva mucho presupuesto",,,Voy en colectivo,,,,"... el trayecto hasta la sede se me hace lejano, ... me lleva mucho tiempo, ... me lleva mucho presupuesto, ... no me reconocen el boleto universitario municipal, ... no respetan horarios",Línea 511 y luego 501/503,,,,,,"Necesito salir antes de casa, Tengo que evitar -tal zona- en -tal horario-"
26/05/2026 08:03:09,Sede Pellegrini,Turno Mañana,Voy en colectivo,,,,... no me reconocen el boleto universitario municipal,276,,,,,,Voy en auto (propio o me llevan/traen),,,,,,,,... me lleva mucho presupuesto,,,Necesito salir antes de casa
26/05/2026 12:31:31,Sede Pellegrini,Turno Tarde,Voy en tren,,,,,,"... el trayecto hasta la sede se me hace lejano, ... me lleva mucho presupuesto, ... me quedo sin trenes/se cancela el servicio seguido, Además del tren tomo colectivos. ",Línea San Martín y colectivos. ,,,,Voy en colectivo,,,,"... me lleva mucho presupuesto, ... no me reconocen el boleto universitario municipal","237 , 501 o 520",,,,,,"Necesito salir antes de casa, Tengo que comentarlo con mi coordinador/profes, "
26/05/2026 12:39:46,Sede Pellegrini,Turno Mañana,Voy en colectivo,,,,,"520, 501, 276,510",,,,,,No uso otro medio de transporte,,,,,,,,,,,Necesito salir antes de casa
26/05/2026 13:04:45,Sede Pellegrini,Turno Tarde,Voy en colectivo,,,,"... el trayecto hasta la sede se me hace lejano, ... me lleva mucho tiempo, ... me lleva mucho presupuesto","440,176, 501/503",,,,,,Voy en tren,,,,,,"... el trayecto hasta la sede se me hace lejano, ... me lleva mucho tiempo",San Martín ,,,,"Tengo que conseguir trabajo, es muy caro viajar, Tengo que mudarme más cerca de las sedes, Necesito salir antes de casa, Tengo que evitar -tal zona- en -tal horario-"
26/05/2026 13:10:39,Sede Pellegrini,Turno Mañana,Voy en auto de un servicio pago remis/taxi/Uber/Didi,,,,,,,,,... me lleva mucho presupuesto,,Voy en tren,,,,,,... el trayecto hasta la sede se me hace lejano,,,,,Necesito salir antes de casa
26/05/2026 13:12:37,Sede Parque Industrial,Turno Tarde,Voy en colectivo,,,,"... el trayecto hasta la sede se me hace lejano, ... no respetan horarios, ... no tienen carteles claros, ... no respetan paradas/recorridos",520,,,,,,Voy en colectivo,,,,"... no respetan horarios, ... no tienen carteles claros, ... no respetan paradas/recorridos",520,,,,,,"Necesito salir antes de casa, Tengo que evitar -tal zona- en -tal horario-"
26/05/2026 13:12:41,Sede Parque Industrial,Turno Noche,Voy en colectivo,,,,"... el trayecto hasta la sede se me hace lejano, ... me lleva mucho tiempo",,,,,,,Voy caminando,"... el trayecto hasta la sede se me hace lejano, ... el tránsito por zonas es peligroso (riesgo de accidentes), ... me lleva mucho tiempo",,,,,,,,,,"Tengo que conseguir trabajo, es muy caro viajar, Tengo que mudarme más cerca de las sedes, Voy a pedir prestado para poder seguir viniendo este mes, Necesito salir antes de casa, No voy a poder seguir cursando"
26/05/2026 08:09:37,Sede Pellegrini,Turno Tarde,Voy en colectivo,,,,... no me reconocen el boleto universitario municipal,520,,,,,,Voy en tren,,,,,,... me lleva mucho presupuesto,,,,,"Tengo que conseguir trabajo, es muy caro viajar"
26/05/2026 13:19:31,Sede Pellegrini,Mixto: Tengo clases en varios turnos miti miti,Voy en colectivo,,,,... me lleva mucho tiempo,511 520,,,,,,Voy en auto de un servicio pago remis/taxi/Uber/Didi,,,,,,,,,... me lleva mucho presupuesto,,"Voy a pedir prestado para poder seguir viniendo este mes, Necesito salir antes de casa"
26/05/2026 13:30:11,Sede Pellegrini,Turno Mañana,Voy en colectivo,,,,"... me lleva mucho tiempo, ... me lleva mucho presupuesto",276,,,,,,Voy en colectivo,,,,"... me lleva mucho tiempo, ... me lleva mucho presupuesto",291 y 276,,,,,,"Tengo que conseguir trabajo, es muy caro viajar, No voy a poder seguir cursando"
26/05/2026 08:44:08,Sede Pellegrini,Turno Tarde,Voy en colectivo,,,,... no me reconocen el boleto universitario municipal,"291 y 203,276",,,,,,Voy en colectivo,,,,... no me reconocen el boleto universitario municipal,"291,203,276",,,,,,"Tengo que conseguir trabajo, es muy caro viajar"
26/05/2026 14:14:43,Sede Pellegrini,Turno Tarde,Voy en colectivo,,,,,,,,,,,Voy en tren,,,,,,,,,,,"Tengo que conseguir trabajo, es muy caro viajar"
26/05/2026 09:46:11,Sede Pellegrini,Turno Noche,Voy en colectivo,,,,... no me reconocen el boleto universitario municipal,501 o 503 y 511,,,,,,Voy en colectivo,,,,,,,,,,,Necesito salir antes de casa
26/05/2026 14:22:03,Sede Pellegrini,Turno Tarde,Voy en colectivo,,,,"... me lleva mucho presupuesto, ... tuve experiencias de episodios de violencia/acoso hacia mi persona, ... no respetan horarios, ... no tienen carteles claros","503, 276 y 520",,,,,,Voy en auto de un servicio pago remis/taxi/Uber/Didi,,,,,,,,,".. me lleva mucho tiempo, ... me lleva mucho presupuesto",,"Tengo que conseguir trabajo, es muy caro viajar, Voy a pedir prestado para poder seguir viniendo este mes, Necesito salir antes de casa"
26/05/2026 14:22:09,Sede Pellegrini,Turno Tarde,Voy en colectivo,,,,"... me lleva mucho presupuesto, ... tuve experiencias de episodios de violencia/acoso hacia mi persona, ... no respetan horarios, ... no tienen carteles claros, ... no respetan paradas/recorridos","503,276,520",,,,,,Voy en auto de un servicio pago remis/taxi/Uber/Didi,,,,,,,,,... me lleva mucho presupuesto,,"Tengo que conseguir trabajo, es muy caro viajar, Voy a pedir prestado para poder seguir viniendo este mes, Necesito salir antes de casa"
26/05/2026 14:22:10,Sede Pellegrini,Turno Tarde,Voy en colectivo,,,,"... el trayecto hasta la sede se me hace lejano, ... me lleva mucho presupuesto",276,,,,,,Voy en colectivo,,,,"... el trayecto hasta la sede se me hace lejano, ... me lleva mucho presupuesto",276,,,,,,Necesito salir antes de casa
26/05/2026 09:48:10,Sede Pellegrini,Turno Tarde,Voy en colectivo,,,,... no me reconocen el boleto universitario municipal,"511, 503, 520",,,,,,Voy en tren,,,,,,"... me lleva mucho tiempo, ... me lleva mucho presupuesto",San Martin ,,,,"Tengo que conseguir trabajo, es muy caro viajar, Necesito salir antes de casa"
26/05/2026 14:23:01,Sede Pellegrini,Turno Tarde,Voy en colectivo,,,,"... el trayecto hasta la sede se me hace lejano, ... me lleva mucho presupuesto, ... no respetan horarios","203 ,291",,,,,,Voy en colectivo,,,,"... el trayecto hasta la sede se me hace lejano, ... me lleva mucho presupuesto, ... no respetan horarios","203,291",,,,,,"Tengo que conseguir trabajo, es muy caro viajar, Necesito salir antes de casa"
26/05/2026 10:21:44,Sede Pellegrini,Turno Tarde,Voy en colectivo,,,,... no me reconocen el boleto universitario municipal,520 501,,,,,,Voy en tren,,,,,,"... me lleva mucho tiempo, ... me lleva mucho presupuesto",Sanmartin,,,,"Tengo que conseguir trabajo, es muy caro viajar"
26/05/2026 10:33:59,Sede Pellegrini,Turno Tarde,Voy en colectivo,,,,... no me reconocen el boleto universitario municipal,Cualquier linea de 500,,,,,,Voy en auto de un servicio pago remis/taxi/Uber/Didi,,,,,,,,,... me lleva mucho presupuesto,,"Necesito salir antes de casa, Tengo que evitar -tal zona- en -tal horario-"
26/05/2026 14:24:56,Sede Pellegrini,Turno Tarde,Voy en colectivo,,,,... me lleva mucho presupuesto,291-276-203,,,,,,Voy en colectivo,,,,... me lleva mucho presupuesto,,,,,,,Necesito salir antes de casa
26/05/2026 10:34:03,Sede Pellegrini,Mixto: Tengo clases en varios turnos miti miti,Voy en colectivo,,,,... no me reconocen el boleto universitario municipal,,,,,,,Voy en colectivo,,,,... no me reconocen el boleto universitario municipal,Cuando tengo que viajar hasta parque industrial ,,,,,,
26/05/2026 14:26:53,Sede Pellegrini,Turno Tarde,Voy en colectivo,,,,"... el trayecto hasta la sede se me hace lejano, ... me lleva mucho presupuesto, ... no respetan horarios, ... no tienen carteles claros",291 y 203,,,,,,No uso otro medio de transporte,,,,,,,,,,,"Tengo que conseguir trabajo, es muy caro viajar, Necesito salir antes de casa, Tengo que conseguir un auto "
26/05/2026 14:28:04,Sede Pellegrini,Turno Tarde,Voy en colectivo,,,,... no tienen carteles claros,510 y 520,,,,,,Voy en auto (propio o me llevan/traen),,,,,,,,... me lleva mucho presupuesto,,,Necesito salir antes de casa
26/05/2026 10:36:56,Sede Pellegrini,Turno Mañana,Voy en colectivo,,,,... no me reconocen el boleto universitario municipal,501,,,,,,Voy en colectivo,,,,... no me reconocen el boleto universitario municipal,501/503,,,,,,"Tengo que conseguir trabajo, es muy caro viajar, No voy a poder seguir cursando"
26/05/2026 14:32:05,Sede Pellegrini,Turno Noche,Voy en colectivo,,,,... el trayecto hasta la sede se me hace lejano,,,,,,,Voy en auto de un servicio pago remis/taxi/Uber/Didi,,,,,,,,,... me lleva mucho presupuesto,,Tengo que evitar -tal zona- en -tal horario-
26/05/2026 14:33:05,Sede Pellegrini,Turno Tarde,Voy en colectivo,,,,... me lleva mucho tiempo,520,,,,,,Voy en tren,,,,,,"... el trayecto hasta la sede se me hace lejano, ... me lleva mucho tiempo",San Martin ,,,,"Necesito salir antes de casa, Tengo que evitar -tal zona- en -tal horario-"
26/05/2026 14:35:40,Sede Pellegrini,Turno Noche,Voy caminando,Faltan veredas ,,,,,,,,,,Voy en colectivo,,,,... no me reconocen el boleto universitario municipal,276,,,,,,"Necesito salir antes de casa, "
26/05/2026 14:38:19,Sede Pellegrini,Turno Noche,Voy en auto (propio o me llevan/traen),,,,,,,,... el trayecto hasta la sede se me hace lejano,,,No uso otro medio de transporte,,,,,,,,,,,
26/05/2026 10:38:41,Sede Pellegrini,Turno Tarde,Voy en colectivo,,,,... no me reconocen el boleto universitario municipal,510,,,,,,Voy en colectivo,,,,... no me reconocen el boleto universitario municipal,510,,,,,,Necesito salir antes de casa
26/05/2026 14:44:14,Sede Pellegrini,Turno Noche,Voy en colectivo,,,,"... el trayecto hasta la sede se me hace lejano, ... me lleva mucho tiempo, ... me lleva mucho presupuesto",276 desde lujan,,,,,,No uso otro medio de transporte,,,,,,,,,,,"Voy a pedir prestado para poder seguir viniendo este mes, Necesito salir antes de casa"
26/05/2026 10:41:50,Sede Pellegrini,Turno Tarde,Voy en colectivo,,,,... no me reconocen el boleto universitario municipal,350,,,,,,Voy en colectivo,,,,... no me reconocen el boleto universitario municipal,,,,,,,"Tengo que conseguir trabajo, es muy caro viajar"
26/05/2026 14:46:27,Sede Pellegrini,Turno Noche,Voy en colectivo,,,,"... no respetan horarios, ",501,,,,,,No uso otro medio de transporte,,,,,,,,,,,Tengo que comentarlo con mi coordinador/profes
26/05/2026 14:47:55,Sede Pellegrini,Turno Mañana,Voy en colectivo,,,,"... el trayecto hasta la sede se me hace lejano, ... me lleva mucho tiempo, ... me lleva mucho presupuesto",,,,,,,Voy en auto de un servicio pago remis/taxi/Uber/Didi,,,,,,,,,,,"Tengo que mudarme más cerca de las sedes, Necesito salir antes de casa"
26/05/2026 11:11:22,Sede Pellegrini,Turno Mañana,Voy en colectivo,,,,... no me reconocen el boleto universitario municipal,"506,509, 520,511",,,,,,Voy en bici,,... el tránsito por zonas es peligroso  (riesgo de accidentes),,,,,,,,,Necesito salir antes de casa
26/05/2026 14:52:20,Sede Parque Industrial,Turno Noche,Voy en colectivo,,,,... no respetan horarios,,,,,,,Voy en colectivo,,,,,,,,,,,
26/05/2026 13:14:19,Sede Pellegrini,Turno Noche,Voy en colectivo,,,,... no me reconocen el boleto universitario municipal,,,,,,,Voy en auto de un servicio pago remis/taxi/Uber/Didi,,,,,,,,,... me lleva mucho presupuesto,,"Tengo que conseguir trabajo, es muy caro viajar"
26/05/2026 14:54:22,Sede Pellegrini,Turno Mañana,Voy en colectivo,,,,... el tránsito por zonas es peligroso  (riesgo de accidentes),520 que va a zelaya pero antes de este me tomo el tren desde derqui hasta pilar,,,,,,Voy en tren,,,,,,... me lleva mucho presupuesto,san martin,,,,"Tengo que conseguir trabajo, es muy caro viajar"
26/05/2026 14:57:08,Sede Pellegrini,Turno Mañana,Voy en colectivo,,,,... me lleva mucho presupuesto,276,,,,,,Voy en auto de un servicio pago remis/taxi/Uber/Didi,,,,,,,,,... me lleva mucho presupuesto,,Voy a pedir prestado para poder seguir viniendo este mes
26/05/2026 15:00:39,Sede Pellegrini,Turno Mañana,Voy en colectivo,,,,,"501, 520",,,,,,Voy en auto (propio o me llevan/traen),,,,,,,,,,,"Tengo que conseguir trabajo, es muy caro viajar"
26/05/2026 15:04:51,Sede Pellegrini,Mixto: Tengo clases en varios turnos miti miti,Voy en colectivo,,,,... el trayecto hasta la sede se me hace lejano,501/503 o 520,,,,,,Voy caminando,"... el trayecto hasta la sede se me hace lejano, ... me lleva mucho tiempo",,,,,,,,,,Necesito salir antes de casa
26/05/2026 15:18:07,Sede Pellegrini,Turno Mañana,Voy en colectivo,,,,,,,,,,,Voy en auto de un servicio pago remis/taxi/Uber/Didi,,,,,,,,,... me lleva mucho presupuesto,,"Necesito salir antes de casa, Tengo que evitar -tal zona- en -tal horario-"
26/05/2026 14:23:53,Sede Pellegrini,Turno Tarde,Voy en colectivo,,,,... no me reconocen el boleto universitario municipal,"291,503",,,,,,Voy en tren,,,,,,... me lleva mucho presupuesto,Belgrano norte,,,,No voy a poder seguir cursando
26/05/2026 14:45:15,Sede Pellegrini,Turno Mañana,Voy en colectivo,,,,... no me reconocen el boleto universitario municipal,510 y 276,,,,,,Voy en auto (propio o me llevan/traen),,,,,,,,.. me lleva mucho tiempo,,,Necesito salir antes de casa
26/05/2026 14:53:58,Sede Pellegrini,Turno Noche,Voy en colectivo,,,,... no me reconocen el boleto universitario municipal,510 203 57,,,,,,Voy caminando,No hay veredas ,,,,,,,,,,Voy a pedir prestado para poder seguir viniendo este mes
26/05/2026 17:06:29,Sede Pellegrini,Turno Mañana,Voy en colectivo,,,,... no me reconocen el boleto universitario municipal,"501, 276, 520",,,,,,Voy en colectivo,,,,,,,,,,,Nada
26/05/2026 15:24:02,Sede Pellegrini,Mixto: Tengo clases en varios turnos miti miti,Voy en tren,,,,,,"... el trayecto hasta la sede se me hace lejano, ... me lleva mucho presupuesto",Belgrano Norte ,,,,Voy en colectivo,,,,"... el trayecto hasta la sede se me hace lejano, ... me lleva mucho presupuesto","448,y acá en villa rosa 500",,,,,,"Tengo que conseguir trabajo, es muy caro viajar, Voy a pedir prestado para poder seguir viniendo este mes, Necesito salir antes de casa"
26/05/2026 15:24:14,Sede Pellegrini,Turno Tarde,Voy en tren,,,,,,... el trayecto hasta la sede se me hace lejano,Belgrano norte,,,,Voy en auto de un servicio pago remis/taxi/Uber/Didi,,,,,,,,,... me lleva mucho presupuesto,,"Tengo que conseguir trabajo, es muy caro viajar"
26/05/2026 15:26:44,Sede Pellegrini,Turno Noche,Voy caminando,... el tránsito por zonas es peligroso (riesgo de accidentes),,,,,,,,,,Voy en colectivo,,,,... no tienen carteles claros,510,,,,,,"Tengo que conseguir trabajo, es muy caro viajar"
26/05/2026 15:28:00,Sede Pellegrini,Turno Noche,Voy en auto (propio o me llevan/traen),,,,,,,,No me resulta para nada lejano ni peligroso,,,Voy en auto (propio o me llevan/traen),,,,,,,,,,,
26/05/2026 15:32:37,Sede Pellegrini,Turno Mañana,Voy en auto (propio o me llevan/traen),,,,,,,,... me lleva mucho presupuesto,,,Voy en colectivo,,,,... me lleva mucho presupuesto,501 o 276,,,,,,"Tengo que conseguir trabajo, es muy caro viajar"
26/05/2026 15:34:37,Sede Pellegrini,Mixto: Tengo clases en varios turnos miti miti,Voy en bici,,... el tránsito por zonas es peligroso  (riesgo de accidentes),,,,,,,,,Voy caminando,... el trayecto hasta la sede se me hace lejano,,,,,,,,,,"Necesito salir antes de casa, Tengo que evitar -tal zona- en -tal horario-"
26/05/2026 15:35:10,Sede Pellegrini,Turno Noche,Voy en colectivo,,,,"... me lleva mucho tiempo, ... me lleva mucho presupuesto, ... no respetan horarios, tengo que salir 30 minutos antes de las clases xq sino me quedo varada en pilar",276,,,,,,Voy en auto de un servicio pago remis/taxi/Uber/Didi,,,,,,,,,".. me lleva mucho tiempo, ... me lleva mucho presupuesto",,"Tengo que conseguir trabajo, es muy caro viajar, Tengo que mudarme más cerca de las sedes, Voy a pedir prestado para poder seguir viniendo este mes, Necesito salir antes de casa, Tengo que comentarlo con mi coordinador/profes, No voy a poder seguir cursando, Tengo que evitar -tal zona- en -tal horario-"
26/05/2026 15:42:52,Sede Pellegrini,Turno Tarde,Voy en colectivo,,,,,501,,,,,,Voy en colectivo,,,,... no tienen carteles claros,,,,,,,Tengo que evitar -tal zona- en -tal horario-
26/05/2026 19:46:02,Sede Pellegrini,Turno Mañana,Voy en colectivo,,,,... no me reconocen el boleto universitario municipal,520,,,,,,No uso otro medio de transporte,,,,,,,,,,,"Tengo que conseguir trabajo, es muy caro viajar"
27/05/2026 05:19:47,Sede Pellegrini,Turno Tarde,Voy en colectivo,,,,... no me reconocen el boleto universitario municipal,"176, 276",,,,,,Voy en auto de un servicio pago remis/taxi/Uber/Didi,,,,,,,,,,,Necesito salir antes de casa
27/05/2026 18:00:36,Sede Parque Industrial,Mixto: Tengo clases en varios turnos miti miti,Voy en colectivo,,,,... no me reconocen el boleto universitario municipal,510,,,,,,Voy en colectivo,,,,... no me reconocen el boleto universitario municipal,510,,,,,,"Tengo que conseguir trabajo, es muy caro viajar, Necesito salir antes de casa"
26/05/2026 17:08:36,Sede Pellegrini,Turno Tarde,Voy en colectivo,,,,... no respetan horarios,520 y 276 ,,,,,,Voy en tren,,,,,,"... el trayecto hasta la sede se me hace lejano, ... me lleva mucho tiempo",San martin,,,,Necesito salir antes de casa
26/05/2026 17:08:51,Sede Pellegrini,Turno Tarde,Voy en tren,,,,,,"... el trayecto hasta la sede se me hace lejano, ... me quedo sin trenes/se cancela el servicio seguido",San martín ,,,,Voy en colectivo,,,,"... el trayecto hasta la sede se me hace lejano, ... me lleva mucho presupuesto",520,,,,,,"Tengo que mudarme más cerca de las sedes, Tengo que evitar -tal zona- en -tal horario-"
26/05/2026 17:18:23,Sede Pellegrini,Mixto: Tengo clases en varios turnos miti miti,Voy en colectivo,,,,... me lleva mucho presupuesto,520-510-503-276,,,,,,Voy en auto de un servicio pago remis/taxi/Uber/Didi,,,,,,,,,... me lleva mucho presupuesto,,Necesito salir antes de casa
26/05/2026 18:03:39,Sede Pellegrini,Turno Noche,Voy en colectivo,,,,"... el trayecto hasta la sede se me hace lejano, ... no respetan horarios",276 - 510,,,,,,No uso otro medio de transporte,,,,,,,,,,,"Tengo que conseguir trabajo, es muy caro viajar, Necesito salir antes de casa"
26/05/2026 19:13:01,Sede Parque Industrial,Turno Tarde,Voy en colectivo,,,,Soy de escobar y hasta el parque industrial me queda muy lejos ,276,,,,,,No uso otro medio de transporte,,,,,,,,,,,Tengo que evitar -tal zona- en -tal horario-
27/05/2026 18:30:35,Sede Pellegrini,Turno Tarde,Voy en colectivo,,,,... no me reconocen el boleto universitario municipal,350 hasta Pilar centro,,,,,,No uso otro medio de transporte,,,,,,,,,,,"Tengo que conseguir trabajo, es muy caro viajar, Voy a pedir prestado para poder seguir viniendo este mes"
26/05/2026 19:30:47,Sede Pellegrini,Turno Mañana,Voy en auto de un servicio pago remis/taxi/Uber/Didi,,,,,,,,,"... me lleva mucho presupuesto, ... tuve experiencias de episodios de violencia/acoso hacia mi persona",,Voy en colectivo,,,,"... el trayecto hasta la sede se me hace lejano, ... me lleva mucho tiempo, ... no respetan horarios, ... no tienen carteles claros",511 y 75,,,,,,"Tengo que conseguir trabajo, es muy caro viajar, Voy a pedir prestado para poder seguir viniendo este mes, Tengo que comentarlo con mi coordinador/profes"
26/05/2026 19:31:15,Sede Pellegrini,Turno Mañana,Voy en colectivo,,,,"... el trayecto hasta la sede se me hace lejano, ... me lleva mucho presupuesto, ... no respetan paradas/recorridos",350 y 276,,,,,,No uso otro medio de transporte,,,,,,,,,,,"Voy a pedir prestado para poder seguir viniendo este mes, Tengo que comentarlo con mi coordinador/profes, No voy a poder seguir cursando"
26/05/2026 19:32:59,Sede Parque Industrial,Turno Mañana,Voy moto,,,"... el trayecto hasta la sede se me hace lejano, ... el tránsito por zonas es peligroso  (riesgo de accidentes)",,,,,,,,Voy en auto de un servicio pago remis/taxi/Uber/Didi,,,,,,,,,,,
26/05/2026 19:33:22,Sede Pellegrini,Mixto: Tengo clases en varios turnos miti miti,Voy en colectivo,,,,tengo que hacer la combinación de dos colectivos Porque la línea de colectivo que pasa por mi casa no nos acepta el boleto.,520/510,,,,,,No uso otro medio de transporte,,,,,,,,,,,"No tengo para considerar nada, estoy de acuerdo con el monto del boleto, por el momento no tuve problemas con el horario."
26/05/2026 19:34:27,Sede Parque Industrial,Turno Mañana,Voy en colectivo,,,,"... el trayecto hasta la sede se me hace lejano, ... me lleva mucho presupuesto, ... no respetan horarios, ... no tienen carteles claros",Yo vivo en Garin y el trayecto hasta pilar centro implica tomar 2 colectivos pagándo boleto normal,,,,,,Voy en colectivo,,,,"... el trayecto hasta la sede se me hace lejano, ... me lleva mucho presupuesto","203,60, 276",,,,,,Necesito salir antes de casa
27/05/2026 18:38:07,Sede Pellegrini,Turno Tarde,Voy en colectivo,,,,... no me reconocen el boleto universitario municipal,"511, 510 y 501/503",,,,,,No uso otro medio de transporte,,,,,,,,,,,"Tengo que conseguir trabajo, es muy caro viajar, Necesito salir antes de casa"
26/05/2026 19:40:51,Sede Pellegrini,Turno Mañana,Voy moto,,,,,,,,,,,Voy en colectivo,,,,"... me lleva mucho presupuesto, ... no me reconocen el boleto universitario municipal","501,503",,,,,,
27/05/2026 19:49:17,Sede Pellegrini,Mixto: Tengo clases en varios turnos miti miti,Voy en colectivo,,,,... no me reconocen el boleto universitario municipal,510,,,,,,Voy caminando,No es largo ,,,,,,,,,,"Tengo que conseguir trabajo, es muy caro viajar"
28/05/2026 14:45:41,Sede Pellegrini,Turno Tarde,Voy en colectivo,,,,... no me reconocen el boleto universitario municipal,"501/502, 350",,,,,,Voy en colectivo,,,,... me lleva mucho presupuesto,"501/502, 350",,,,,,"Tengo que conseguir trabajo, es muy caro viajar"
26/05/2026 19:47:15,Sede Pellegrini,Mixto: Tengo clases en varios turnos miti miti,Voy en colectivo,,,,... no tienen carteles claros,,,,,,,Voy en tren,,,,,,,,,,,Tengo que evitar -tal zona- en -tal horario-
26/05/2026 19:59:33,Sede Pellegrini,Turno Noche,Voy en colectivo,,,,Tendrían que agregar más líneas de colectivos ,276,,,,,,No uso otro medio de transporte,,,,,,,,,,,Necesito salir antes de casa
26/05/2026 16:04:12,Sede Pellegrini,Mixto: Tengo clases en varios turnos miti miti,Voy en colectivo,,,,"... no me reconocen el boleto universitario municipal, ... no respetan horarios","501, 503, 511",,,,,,Voy en auto de un servicio pago remis/taxi/Uber/Didi,,,,,,,,,"a veces no quieren ingresar al predio, solo te dejan en la puerta. S",,Necesito salir antes de casa
28/05/2026 07:28:46,Sede Pellegrini,Turno Mañana,Voy en colectivo,,,,"... no me reconocen el boleto universitario municipal, ... no respetan horarios",520,,,,,,Voy en colectivo,,,,"... no me reconocen el boleto universitario municipal, ... no respetan horarios",520,,,,,,"Tengo que conseguir trabajo, es muy caro viajar, Necesito salir antes de casa"
26/05/2026 19:43:57,Sede Pellegrini,Turno Mañana,Voy en colectivo,,,,"... no me reconocen el boleto universitario municipal, ... no respetan horarios, ... no respetan paradas/recorridos","El 520 que sale de Derqui,que hay muy poco horarios que te llevan hasta la Uni",,,,,,Voy caminando,"... el trayecto hasta la sede se me hace lejano, ... el tránsito por zonas es peligroso (riesgo de accidentes)",,,,,,,,,,"Tengo que conseguir trabajo, es muy caro viajar, Necesito salir antes de casa"
27/05/2026 07:46:00,Sede Parque Industrial,Turno Mañana,Voy en auto (propio o me llevan/traen),,,,,,,,"... el trayecto hasta la sede se me hace lejano, ... me lleva mucho presupuesto",,,Voy en tren,,,,,,"... la zona donde transito es peligrosa (robos, etc), ... me lleva mucho tiempo, ... me lleva mucho presupuesto",Me tomo un colectivo y el tren San Martín ,,,,"Tengo que conseguir trabajo, es muy caro viajar"
27/05/2026 11:29:32,Sede Pellegrini,Mixto: Tengo clases en varios turnos miti miti,Voy en auto (propio o me llevan/traen),,,,,,,,los cambios lentos en los semáforos complican la entrada a la uni ,,,Voy en auto de un servicio pago remis/taxi/Uber/Didi,,,,,,,,,... me lleva mucho presupuesto,,Tengo que evitar -tal zona- en -tal horario-
26/05/2026 14:22:59,Sede Pellegrini,Turno Tarde,Voy en colectivo,,,,"... no me reconocen el boleto universitario municipal, ... no respetan horarios, ... no tienen carteles claros",501 o 520,,,,,,No uso otro medio de transporte,,,,,,,,,,,Necesito salir antes de casa
27/05/2026 15:04:14,Sede Parque Industrial,Turno Mañana,Voy en colectivo,,,,"... el trayecto hasta la sede se me hace lejano, ... no respetan horarios, ... no tienen carteles claros",510,,,,,,Voy en auto de un servicio pago remis/taxi/Uber/Didi,,,,,,,,,... me lleva mucho presupuesto,,"Tengo que conseguir trabajo, es muy caro viajar, Necesito salir antes de casa"
27/05/2026 17:59:34,Sede Pellegrini,Turno Tarde,Voy en colectivo,,,,Siempre tanto la ida como la vuelta se traba en el puente de la 25,350 y 501/503,,,,,,No uso otro medio de transporte,,,,,,,,,,,Necesito salir antes de casa
26/05/2026 22:00:41,Sede Pellegrini,Turno Tarde,Voy en colectivo,,,,"... no me reconocen el boleto universitario municipal, ... no respetan horarios, ... no tienen carteles claros",350 y 501,,,,,,No uso otro medio de transporte,,,,,,,,,,,"Tengo que conseguir trabajo, es muy caro viajar, Necesito salir antes de casa"
27/05/2026 18:20:27,Sede Parque Industrial,Turno Tarde,Voy en colectivo,,,,... me lleva mucho tiempo,510,,,,,,Voy en tren,,,,,,,,,,,No voy a poder seguir cursando
27/05/2026 18:21:06,Sede Pellegrini,Mixto: Tengo clases en varios turnos miti miti,Voy en tren,,,,,,"No tengo ningún problema en particular, hago conexión tren y colectivo de ida, colectivo y tren de vuelta.",Sarmiento ,,,,Voy en colectivo,,,,... me lleva mucho tiempo,501/503. 275. 520,,,,,,"Necesito salir antes de casa, Tengo que evitar -tal zona- en -tal horario-"
27/05/2026 18:23:05,Sede Pellegrini,Turno Tarde,Voy en tren,,,,,,... me quedo sin trenes/se cancela el servicio seguido,San Martin ,,,,Voy en colectivo,,,,... no me reconocen el boleto universitario municipal,"740 , 520, 276",,,,,,Enfermedad padres 
27/05/2026 18:28:24,Sede Pellegrini,Turno Tarde,Voy en colectivo,,,,"... no respetan horarios, ... no tienen carteles claros",,,,,,,Voy en auto de un servicio pago remis/taxi/Uber/Didi,,,,,,,,,... me lleva mucho presupuesto,,Necesito salir antes de casa
26/05/2026 14:52:07,,,Voy en colectivo,,,,"... no me reconocen el boleto universitario municipal, ... no respetan horarios, ... no tienen carteles claros, ... no respetan paradas/recorridos",,,,,,,No uso otro medio de transporte,,,,,,,,,,,Tengo que evitar -tal zona- en -tal horario-
26/05/2026 10:23:04,Sede Pellegrini,Mixto: Tengo clases en varios turnos miti miti,Voy en colectivo,,,,"... no me reconocen el boleto universitario municipal, ... no tienen carteles claros",520 y 503,,,,,,Voy en tren,,,,,,,,,,,Necesito salir antes de casa
26/05/2026 15:18:17,Sede Pellegrini,Mixto: Tengo clases en varios turnos miti miti,Voy en colectivo,,,,"... no me reconocen el boleto universitario municipal, ... tuve experiencias de episodios de violencia/acoso hacia mi persona, ... no respetan horarios","520,510",,,,,,Voy en tren,,,,,,... me lleva mucho presupuesto,San Martin ,,,,"Tengo que conseguir trabajo, es muy caro viajar, Necesito salir antes de casa"
28/05/2026 07:28:29,Sede Pellegrini,Turno Mañana,Voy en colectivo,,,,"... no me reconocen el boleto universitario municipal, ... tuve experiencias de episodios de violencia/acoso hacia mi persona, ... no respetan horarios",520,,,,,,Voy en colectivo,,,,"... no me reconocen el boleto universitario municipal, ... no respetan horarios",520,,,,,,Necesito salir antes de casa
26/05/2026 23:26:05,Sede Pellegrini,Mixto: Tengo clases en varios turnos miti miti,Voy en colectivo,,,,"... no me reconocen el boleto universitario municipal, ... tuve experiencias de episodios de violencia/acoso hacia mi persona, ... no respetan horarios, ... no tienen carteles claros, ... no respetan paradas/recorridos",503-510-203,,,,,,Voy caminando,"... el tránsito por zonas es peligroso (riesgo de accidentes), ... la zona donde transito es peligrosa (robos, etc), ... me lleva mucho tiempo",,,,,,,,,,"Tengo que conseguir trabajo, es muy caro viajar, Voy a pedir prestado para poder seguir viniendo este mes, Necesito salir antes de casa, Tengo que comentarlo con mi coordinador/profes, Tengo que evitar -tal zona- en -tal horario-"
28/05/2026 11:00:20,Sede Pellegrini,Turno Tarde,Voy moto,,,"... el trayecto hasta la sede se me hace lejano, ... el tránsito por zonas es peligroso  (riesgo de accidentes)",,,,,,,,Voy en colectivo,,,,"... el trayecto hasta la sede se me hace lejano, ... me lleva mucho tiempo, ... no me reconocen el boleto universitario municipal, ... no respetan horarios",256 hasta escobar. luego el metro pol o 228 a campana,,,,,,"Tengo que mudarme más cerca de las sedes, Necesito salir antes de casa, tengo que salir antes de mi trabajo. pierdo media jornada laboral para poder asistir. que afecta mi economia"
28/05/2026 12:43:09,Sede Pellegrini,Turno Mañana,Voy en colectivo,,,,"... el trayecto hasta la sede se me hace lejano, ... no respetan horarios",520,,,,,,No uso otro medio de transporte,,,,,,,,,,,"Tengo que conseguir trabajo, es muy caro viajar, Necesito salir antes de casa, Tengo que evitar -tal zona- en -tal horario-"
28/05/2026 13:00:02,Sede Parque Industrial,Turno Mañana,Voy en tren,,,,,,"... el trayecto hasta la sede se me hace lejano, ... me lleva mucho tiempo, ... me lleva mucho presupuesto, Uso colectivo, tren y otro colectivo. Martes sede central y jueves sede la montonera del parque industrial ",San Martin ,,,,Voy en colectivo,,,,"... el trayecto hasta la sede se me hace lejano, ... me lleva mucho tiempo, ... me lleva mucho presupuesto, ... no me reconocen el boleto universitario municipal, ... no respetan horarios, ... no tienen carteles claros, ... no respetan paradas/recorridos, Recorte de frecuencias en tren y colectivo que no tienen claro si van hasta la universidad de pilar y sede de parque industrial ",463/237 / tren San Martin/ 510/ 275 a sedes. ,,,,,,"Tengo que conseguir trabajo, es muy caro viajar, Tengo que mudarme más cerca de las sedes, Necesito salir antes de casa, Tengo que comentarlo con mi coordinador/profes, Considerar las llegadas tardes por transporte/ tomar lista de presentismo cuando finalice la cursada "
26/05/2026 08:16:33,Sede Pellegrini,Turno Tarde,Voy en colectivo,,,,"... no me reconocen el boleto universitario municipal, ... tuve experiencias de episodios de violencia/acoso hacia mi persona, ... no respetan paradas/recorridos",511 510 520,,,,,,No uso otro medio de transporte,,,,,,,,,,,Tengo que comentarlo con mi coordinador/profes
28/05/2026 18:02:19,Sede Pellegrini,Turno Noche,Voy en colectivo,,,,... no me reconocen el boleto universitario municipal,520,,,,,,No uso otro medio de transporte,,,,,,,,,,,Tengo que evitar -tal zona- en -tal horario-
28/05/2026 18:15:31,Sede Pellegrini,Turno Tarde,Voy en colectivo,,,,"... no me reconocen el boleto universitario municipal, ... tuve experiencias de episodios de violencia/acoso hacia mi persona",511 510,,,,,,No uso otro medio de transporte,,,,,,,,,,,Tengo que comentarlo con mi coordinador/profes
28/05/2026 18:19:47,Sede Pellegrini,Turno Noche,Voy en colectivo,,,,"... el trayecto hasta la sede se me hace lejano, ... el tránsito por zonas es peligroso  (riesgo de accidentes), ... me lleva mucho tiempo, ... no respetan paradas/recorridos","203, 51, 57",,,,,,Voy en auto de un servicio pago remis/taxi/Uber/Didi,,,,,,,,,"... el trayecto hasta la sede se me hace lejano, .. me lleva mucho tiempo, ... me lleva mucho presupuesto",,"Tengo que mudarme más cerca de las sedes, Tengo que comentarlo con mi coordinador/profes"
28/05/2026 22:59:08,Sede Pellegrini,Turno Mañana,Voy en colectivo,,,,"... me lleva mucho presupuesto, ... no me reconocen el boleto universitario municipal",520 - 276,,,,,,Voy en tren,,,,,,,,,,,
08/06/2026 00:45:15,Sede Pellegrini,Turno Tarde,Voy en bici,,,,,,,,,,,No uso otro medio de transporte,,,,,,,,,,,Necesito salir antes de casa
08/06/2026 11:02:29,Sede Pellegrini,Turno Tarde,Voy en tren,,,,,,... me lleva mucho presupuesto,Tren San Martín ,,,,Voy en colectivo,,,,"... me lleva mucho presupuesto, ... no me reconocen el boleto universitario municipal","501, 503 o 276",,,,,,"Tengo que conseguir trabajo, es muy caro viajar, Necesito salir antes de casa"